AR,Skewness
2.08411,0.279436
1.8975,0.090173
1.90143,0.111128
2.02452,0.282094
2.04027,0.173915
1.89414,0.175384
2.0853,0.210013
1.91576,0.1906
1.9854,0.165282
2.12186,0.238225
1.99575,0.21622
1.89303,0.138311
1.84185,0.111927
1.92771,0.159051
2.14472,0.180626
1.92401,0.127045
2.10549,0.218248
2.24743,0.271345
2.00457,0.16862
1.84259,0.0991808
2.05496,0.23259
2.06452,0.308503
1.97227,0.134891
1.85669,0.107678
1.81327,0.0622034
2.11428,0.175432
1.83115,0.128049
2.03907,0.143796
2.00668,0.218146
2.03995,0.184391
2.00666,0.15941
1.93573,0.194953
2.25467,0.211605
2.3419,0.315815
1.92978,0.208585
2.12593,0.258506
2.11769,0.297945
2.03514,0.239835
2.09466,0.161975
1.83365,0.0946606
2.10522,0.201342
1.88338,0.0839104
2.02033,0.172788
2.16416,0.25719
1.91823,0.126366
1.96972,0.219701
2.09967,0.22337
2.3462,0.283395
2.5617,0.368209
1.99639,0.229763
1.94501,0.198398
1.79371,0.0569583
1.79144,0.0568464
2.01729,0.160395
1.88863,0.0763741
1.99399,0.237482
1.91457,0.159626
1.89832,0.165588
1.93628,0.21222
1.9584,0.236391
2.02309,0.294657
2.03172,0.138115
2.17215,0.332767
2.01594,0.216049
2.40646,0.255133
1.98401,0.20658
2.3898,0.417416
2.00068,0.211402
2.09657,0.232213
2.25757,0.219502
2.30866,0.37991
1.93753,0.228795
1.8857,0.162978
2.30792,0.302161
2.39725,0.254173
2.10287,0.298147
2.24814,0.279402
2.0392,0.200555
1.8939,0.111764
1.98998,0.258364
2.02863,0.25489
1.99094,0.183898
2.10093,0.24776
2.29157,0.296908
1.88144,0.11984
2.0803,0.274937
1.84369,0.140054
2.06122,0.15622
1.88185,0.0794956
2.33449,0.398028
2.25332,0.262664
1.88073,0.116911
2.21759,0.238204
1.96683,0.235311
2.20528,0.222787
1.805,0.101525
2.29506,0.374946
2.02329,0.171127
2.16581,0.277338
2.29089,0.34078
1.84766,0.0667902
2.07661,0.311163
1.94257,0.1994
1.9671,0.181413
1.82314,0.060808
1.89892,0.166672
1.84514,0.0667867
2.04061,0.305323
1.79804,0.0341009
1.85108,0.101547
2.07926,0.307617
2.31788,0.298773
1.79989,0.0873027
1.74373,0.00721347
2.20488,0.22943
1.88058,0.13267
2.07029,0.159243
2.70797,0.473815
1.84095,0.0870251
2.25495,0.318506
2.26796,0.34992
1.93483,0.101313
2.12267,0.224409
2.12658,0.290924
1.89615,0.137606
1.8752,0.116974
1.90824,0.144918
2.01463,0.137139
1.83588,0.0843054
1.79946,0.0533235
1.78795,0.0628319
1.90726,0.0987791
2.30066,0.267996
2.1683,0.276534
2.37328,0.369523
1.97818,0.26361
2.14744,0.226311
2.26429,0.316033
1.99541,0.126537
2.10961,0.303394
2.53761,0.301414
2.39897,0.362902
1.8479,0.0840082
2.20312,0.352829
2.31163,0.236951
2.51741,0.302462
2.03603,0.268659
2.18143,0.285954
2.06093,0.176054
2.52672,0.35313
2.06748,0.191504
2.19017,0.207777
1.78355,0.0349186
2.44122,0.308129
2.06801,0.158234
1.8251,0.072462
1.9298,0.0936694
2.70526,0.40823
2.51393,0.34128
2.04074,0.191915
1.96295,0.220913
2.02468,0.156349
1.92534,0.169214
2.03872,0.27611
2.36286,0.391109
2.14432,0.283796
2.16699,0.198901
1.87471,0.126599
2.1046,0.296116
2.06611,0.147443
2.33609,0.321963
1.9064,0.180514
2.10479,0.191484
1.94363,0.199031
1.98969,0.254824
2.02582,0.22073
1.83278,0.114576
1.9154,0.187367
1.82347,0.060456
2.09565,0.160421
2.22934,0.300073
2.15439,0.303019
2.23716,0.369371
2.40097,0.442859
2.00971,0.18443
1.89807,0.198337
2.0863,0.293117
2.17063,0.332461
2.64707,0.313858
2.10761,0.284775
1.77753,0.0294149
2.25663,0.281624
1.95661,0.114886
2.11432,0.198497
1.96949,0.224893
2.54082,0.309243
2.25612,0.317228
2.15367,0.253277
2.09998,0.240362
2.05772,0.215007
2.1378,0.178306
1.97816,0.179756
1.95795,0.181917
2.21487,0.194839
2.5367,0.45234
2.15978,0.3671
1.95348,0.238413
2.15957,0.176401
2.0471,0.171559
2.11657,0.214089
1.94856,0.216833
1.99765,0.248811
2.14239,0.300791
2.04416,0.132601
2.0736,0.22129
2.24872,0.207735
2.37768,0.349495
2.24941,0.214473
2.0505,0.203367
2.03512,0.238373
1.98333,0.12375
1.87803,0.157727
2.14488,0.2584
2.21824,0.227506
2.1439,0.227344
2.14059,0.338425
2.23331,0.204016
2.05571,0.290037
2.11334,0.310418
2.08056,0.293663
2.24022,0.220201
2.14065,0.302087
2.10426,0.264194
2.47509,0.34796
2.08718,0.295896
1.86418,0.131111
2.0662,0.245672
2.05953,0.223995
1.97086,0.259194
2.10223,0.235292
2.02542,0.178406
1.91375,0.15473
2.3061,0.397707
1.90623,0.119745
2.06361,0.197861
1.85701,0.126203
2.16634,0.311051
2.57079,0.295321
1.95539,0.146205
1.84111,0.063309
2.10145,0.166966
1.78528,0.0356653
1.97933,0.229564
1.79595,0.0513073
2.23818,0.308725
1.93873,0.195295
2.01834,0.289819
2.38414,0.263805
1.9654,0.134135
1.94555,0.113939
2.33526,0.270382
1.87363,0.144016
2.01149,0.154367
2.23444,0.205257
2.12057,0.260683
2.0251,0.185717
1.78106,0.0391274
2.03675,0.174153
2.33315,0.321931
2.28242,0.352164
1.90429,0.139623
2.361,0.373009
1.99397,0.188233
2.11126,0.2919
1.82083,0.0479998
2.1232,0.342349
2.20539,0.318041
2.16977,0.184989
1.86805,0.0783716
1.9914,0.228129
1.83738,0.127769
2.45163,0.416285
1.99307,0.229612
2.4039,0.408979
2.05302,0.263439
1.85986,0.136708
1.85524,0.156973
2.09683,0.200576
2.31731,0.246566
2.04374,0.217284
1.91539,0.174924
1.80991,0.0745204
1.96539,0.164789
2.13606,0.174437
1.96919,0.227338
2.21662,0.336616
2.37129,0.315413
2.08962,0.218
2.148,0.291653
1.81311,0.0902503
2.01418,0.120179
2.04497,0.250675
2.14127,0.275414
2.50534,0.393468
1.8461,0.147723
2.39608,0.439524
1.90967,0.113264
1.93754,0.220603
2.11527,0.337468
1.81036,0.0992983
1.8626,0.164877
2.17188,0.206665
2.23634,0.204544
2.24367,0.39381
2.11333,0.332732
1.99113,0.195784
1.91936,0.0854738
2.19113,0.193616
2.15632,0.256043
1.87513,0.150581
1.87306,0.172188
2.24413,0.254165
1.94686,0.225526
2.2082,0.302946
2.294,0.361709
2.035,0.203556
2.17217,0.246026
2.1648,0.174069
2.06678,0.308359
2.29996,0.320546
2.09873,0.328922
1.82749,0.0564749
2.3149,0.316533
1.8954,0.0850525
1.96396,0.170103
1.92157,0.149293
2.23647,0.204962
2.41719,0.400522
2.20337,0.246387
2.01458,0.278478
1.90973,0.190284
2.2741,0.361857
2.44245,0.272986
2.06026,0.195316
2.2835,0.251745
1.95422,0.113256
1.77306,0.0420203
2.10299,0.331212
1.94695,0.16601
2.00323,0.176425
2.07691,0.249922
2.09765,0.290894
1.92885,0.14766
1.78752,0.0419026
2.56514,0.385324
2.11583,0.278127
1.94575,0.135775
2.01412,0.163711
1.81051,0.10054
1.79396,0.0530605
2.1028,0.158933
2.7631,0.352553
1.84123,0.126527
1.85849,0.151821
2.33299,0.276103
2.12543,0.285322
2.31039,0.234356
1.78607,0.0285883
1.90965,0.131838
1.97411,0.112604
1.98125,0.242978
2.0027,0.176903
1.91201,0.16641
1.95374,0.154579
2.69941,0.387316
1.85112,0.0621693
2.11011,0.194128
2.30695,0.26227
2.14028,0.248094
1.95709,0.161144
2.36231,0.349594
2.78581,0.366593
1.9307,0.189663
2.31583,0.256006
2.24758,0.362573
2.87608,0.386212
1.85804,0.112878
2.26546,0.394484
2.02441,0.152645
1.82624,0.0609564
2.22694,0.239635
2.07867,0.212392
2.12284,0.19517
1.95204,0.177669
2.6558,0.375552
2.01813,0.22137
2.413,0.381862
2.21636,0.291259
2.13199,0.301892
1.97189,0.167168
1.88089,0.126709
2.07353,0.26921
2.5421,0.398971
1.93991,0.133677
1.9266,0.0985037
2.36549,0.403695
1.88136,0.0872561
1.98273,0.130482
2.13522,0.353968
1.78934,0.0828094
2.32732,0.266591
1.8599,0.106132
2.20422,0.228841
2.00325,0.236516
2.35732,0.417617
2.08355,0.206157
2.00133,0.184908
2.16577,0.253784
1.95152,0.201252
2.35509,0.242641
2.26512,0.259914
2.1106,0.16382
1.87228,0.129805
2.20224,0.224789
2.23428,0.322678
1.9897,0.181518
2.00567,0.204141
2.03187,0.292273
2.32242,0.376001
2.09558,0.217391
2.05253,0.191262
2.01055,0.22416
1.8629,0.111158
1.93044,0.184332
1.82103,0.0824864
2.21142,0.388689
2.03787,0.299943
1.80808,0.0575106
1.87396,0.0819954
1.99065,0.194177
2.0909,0.304985
1.81704,0.0632933
2.13943,0.235973
1.85909,0.139936
2.5023,0.318899
1.82242,0.0730123
1.91953,0.0852583
2.0662,0.142119
2.22514,0.279927
2.45919,0.353614
2.0087,0.13574
2.11067,0.28654
1.86944,0.135451
2.25523,0.248835
2.25427,0.359964
1.98008,0.139665
1.7967,0.0896897
1.95351,0.196259
2.28161,0.372774
2.61701,0.459706
1.80576,0.0623688
1.79078,0.0332197
1.99676,0.24739
1.90576,0.0921833
2.06273,0.160958
1.86484,0.128593
1.92092,0.0853732
2.14038,0.24229
2.35896,0.276639
2.1367,0.212065
2.11523,0.16112
2.13338,0.327108
2.0978,0.209031
2.22712,0.395097
1.80809,0.108152
2.39422,0.33756
1.99465,0.216068
1.94072,0.103097
1.7416,0.00605476
2.48617,0.378077
1.85871,0.059711
2.20226,0.222075
2.19057,0.320009
1.90117,0.170743
1.74709,0.021166
2.23003,0.293405
2.03608,0.155647
2.16825,0.253547
2.17572,0.236676
2.33865,0.24146
1.94765,0.106994
2.17215,0.17905
1.83949,0.0542999
2.27667,0.240429
2.12184,0.259715
2.09753,0.248175
2.15082,0.268093
2.4502,0.369865
2.17023,0.255228
2.55295,0.295776
2.5036,0.406096
2.42381,0.27495
2.78599,0.354278
2.24963,0.267305
2.29823,0.273945
2.1279,0.259258
2.30748,0.4267
1.79599,0.0946788
2.1537,0.345991
1.85493,0.104372
1.85772,0.0610166
2.22266,0.224267
1.84092,0.129412
2.19886,0.257534
1.7661,0.0234058
2.03024,0.151299
2.40623,0.318383
2.05494,0.250001
1.96211,0.13308
1.85267,0.129098
2.12106,0.237309
2.06789,0.230671
1.8553,0.0967474
2.27582,0.295662
1.9786,0.235864
1.91925,0.125482
1.90849,0.0975737
2.43951,0.265864
1.82146,0.0715761
2.0962,0.313966
1.90305,0.103005
1.99367,0.182379
2.28813,0.265828
2.10136,0.190525
2.04583,0.17029
1.79695,0.0584007
1.98909,0.190924
1.74509,0.0149008
2.11124,0.315554
1.98084,0.155441
2.23181,0.241653
1.87663,0.129326
1.97664,0.238276
1.8755,0.173699
1.86323,0.125303
1.81125,0.0819114
2.29618,0.252069
1.83211,0.0607741
2.3341,0.286329
1.99968,0.158255
1.9082,0.158301
1.93045,0.119957
2.02567,0.154806
1.874,0.170829
2.07379,0.286382
2.21886,0.360434
2.13473,0.294811
2.03971,0.139802
2.04197,0.256265
1.83842,0.092661
2.45989,0.276533
2.20103,0.197609
2.17367,0.360012
2.40641,0.29915
1.80186,0.0978688
2.04511,0.196814
1.9086,0.0804674
1.74887,0.0284021
2.03596,0.16056
1.92091,0.0980431
2.26138,0.232941
1.9885,0.136959
2.11196,0.156527
2.10739,0.281364
2.15209,0.204348
2.03767,0.143095
1.98604,0.197914
1.87642,0.115668
2.07963,0.20976
2.26888,0.242323
1.88493,0.123685
2.09397,0.200433
2.19167,0.321555
1.87642,0.10413
2.07759,0.208833
1.99922,0.220697
2.44101,0.28391
1.94558,0.156536
2.09049,0.167085
2.12288,0.241409
2.09169,0.322723
1.95051,0.210382
2.07775,0.242658
1.88602,0.103052
2.10276,0.201079
2.21887,0.21089
1.78425,0.0634491
1.85693,0.126105
1.87493,0.180395
2.0898,0.216564
2.17212,0.223946
1.83006,0.0636298
2.14295,0.310404
2.15701,0.204629
1.99482,0.230479
1.95534,0.108233
1.95392,0.20158
2.33237,0.254912
1.84234,0.104847
2.3984,0.308895
2.27785,0.23721
2.05069,0.226996
2.3004,0.239431
2.08805,0.305934
2.23358,0.334275
1.99097,0.178668
2.24484,0.290167
2.20374,0.263132
1.92961,0.0973291
2.32049,0.25659
2.2622,0.348228
1.92008,0.121268
2.03153,0.173022
2.00645,0.237349
2.29603,0.250447
1.87153,0.170579
2.08454,0.165208
1.96953,0.204672
1.7926,0.0326806
1.85069,0.112206
2.1786,0.185503
1.88447,0.141688
1.8776,0.10957
2.11178,0.219762
1.77915,0.0418942
1.94209,0.113088
2.02162,0.258889
1.978,0.233156
2.30613,0.300965
1.97296,0.242929
1.85958,0.141154
2.06863,0.29067
2.13905,0.218816
1.8415,0.108146
1.95503,0.176854
2.03837,0.144564
1.9734,0.20004
2.43731,0.390248
1.87553,0.166188
1.8395,0.0660301
2.06216,0.23386
1.95306,0.152342
1.85524,0.0910505
2.02368,0.165182
2.57625,0.332307
1.95481,0.14769
1.83201,0.133548
1.85641,0.0657204
1.98731,0.179112
1.91489,0.164923
1.92086,0.13289
1.90935,0.150359
2.00006,0.210935
1.96469,0.202102
2.25882,0.314233
2.06026,0.307535
2.15139,0.264398
1.92654,0.140601
2.37169,0.265465
1.87561,0.0811136
1.99915,0.198257
1.98899,0.229126
1.9618,0.145965
2.06074,0.184566
1.99581,0.258995
2.22115,0.300606
1.93148,0.21754
1.94666,0.125399
1.9628,0.239685
2.09853,0.227034
2.58711,0.296153
1.98687,0.264729
1.85187,0.0810454
1.8061,0.0592314
2.05712,0.138887
2.30686,0.345914
2.22,0.263659
1.99027,0.198381
2.06656,0.238056
2.09078,0.259086
1.79409,0.0863767
1.99644,0.229916
2.01849,0.182119
2.31124,0.253821
1.9618,0.128969
1.89267,0.158755
1.9525,0.162924
1.79209,0.0766324
1.8548,0.106657
1.90334,0.158918
1.86847,0.0789255
2.12413,0.278159
1.81387,0.0464228
2.12927,0.202271
2.93927,0.494764
2.10456,0.159459
1.93898,0.229214
2.18051,0.270109
1.89644,0.134058
2.18453,0.230151
1.80026,0.0700992
2.01618,0.225175
1.87337,0.143726
1.94999,0.208261
1.76576,0.0335151
1.90077,0.108838
2.34912,0.34551
2.11657,0.234688
2.06849,0.173976
1.90009,0.144739
1.96749,0.131
2.02226,0.201575
1.73446,0.00332828
1.93151,0.142426
1.80504,0.0792648
2.11665,0.212331
2.11385,0.258503
2.16002,0.337585
2.02324,0.123797
1.84512,0.0527073
2.18377,0.28382
2.27879,0.24381
1.98224,0.11441
1.89233,0.0767727
2.40787,0.358708
2.16096,0.363971
1.98642,0.207821
1.80915,0.0781929
1.88555,0.190251
1.99516,0.129163
1.86529,0.109547
2.02541,0.28436
2.04414,0.227766
1.91031,0.156097
1.93794,0.155692
1.90058,0.114536
2.09591,0.20654
2.82861,0.367159
2.14545,0.170049
2.09102,0.218403
2.06069,0.195592
1.95445,0.178087
2.51153,0.320516
2.02474,0.153007
2.22277,0.275656
2.17598,0.23349
1.79889,0.0609733
2.20677,0.24748
1.90179,0.150937
2.24424,0.325414
2.41772,0.38214
1.80415,0.0493465
1.96997,0.144109
2.3211,0.335865
1.92762,0.142045
2.44969,0.41237
2.70358,0.361346
1.75395,0.0307187
2.0323,0.172801
1.87933,0.151803
2.10487,0.250238
1.87778,0.1357
1.8698,0.0910911
1.94543,0.169819
1.93263,0.231931
2.0078,0.207935
1.92081,0.133374
2.19703,0.196577
1.94191,0.12091
2.36203,0.240415
1.75164,0.0187549
1.81678,0.084157
1.92997,0.124232
1.88041,0.100742
1.94515,0.17332
2.13925,0.208465
2.33403,0.344472
2.23584,0.2283
1.82914,0.0476776
1.93236,0.106206
2.17802,0.239864
1.93674,0.180604
2.36528,0.432133
2.1,0.262534
2.09598,0.180533
1.82079,0.0877372
1.92259,0.119844
1.92435,0.202404
2.24714,0.225355
2.02987,0.206269
1.82556,0.0829086
1.92078,0.132984
1.9657,0.116315
2.60744,0.355876
1.8493,0.0590928
2.21534,0.261944
1.97193,0.191547
2.17768,0.265106
2.04535,0.223127
1.81609,0.0861606
1.89119,0.13519
1.9248,0.105428
2.16262,0.23303
2.49157,0.289465
2.38669,0.243548
1.97231,0.192392
2.4425,0.305956
2.28873,0.264132
1.88686,0.131369
1.88617,0.13562
1.98035,0.128449
2.06727,0.279495
2.03614,0.245123
1.9367,0.101476
2.06073,0.260052
1.97595,0.113715
1.92918,0.142196
2.12137,0.23267
2.03111,0.130115
2.06041,0.2163
1.88213,0.108457
2.00272,0.238881
1.94959,0.149826
1.86026,0.133828
2.39756,0.250267
1.83225,0.110508
2.31745,0.240002
2.11002,0.190148
2.02327,0.172647
2.11274,0.250157
2.03016,0.213212
1.8699,0.170886
1.75908,0.0438521
2.24377,0.24089
1.78122,0.0598909
1.96308,0.14718
1.98146,0.154628
2.06849,0.265768
2.00204,0.212646
1.82867,0.114699
2.15842,0.223061
1.98863,0.196054
1.98633,0.13578
2.07639,0.213674
2.21753,0.22358
1.79885,0.046273
1.7885,0.0829731
1.91271,0.0862953
2.83781,0.3627
2.00477,0.189224
1.8184,0.0770215
2.14097,0.186456
2.07317,0.28665
2.17419,0.189252
1.99006,0.125691
2.14287,0.267568
1.90504,0.142551
1.95978,0.196993
2.23038,0.221966
2.16549,0.243872
1.84454,0.0688965
1.97689,0.201475
2.14307,0.214694
1.99971,0.175653
2.39043,0.313835
2.00688,0.242359
1.86127,0.162602
1.97192,0.251342
2.27389,0.218747
2.22596,0.263839
1.85977,0.158668
2.30096,0.305888
1.91828,0.0900175
1.85792,0.142668
2.14962,0.231546
1.8519,0.124852
2.10185,0.159046
1.82922,0.0882513
1.81117,0.0941356
2.09147,0.188356
1.87092,0.142889
1.91885,0.0892577
2.01776,0.196616
2.04219,0.150256
2.38396,0.245751
1.99621,0.172108
1.78685,0.0430415
2.01832,0.270095
1.95951,0.212969
2.08029,0.211531
1.88177,0.13062
2.1877,0.194887
1.88446,0.120463
2.1443,0.219163
2.28058,0.275757
1.87953,0.163766
2.23198,0.372542
2.21077,0.222039
1.88155,0.0855531
1.88136,0.132491
1.83616,0.0768492
1.98687,0.172089
2.30295,0.225327
2.1137,0.229915
2.34202,0.260797
1.92446,0.169593
1.78104,0.0449786
1.8568,0.152465
1.8563,0.10094
2.14102,0.268345
2.0456,0.233952
2.23468,0.268256
2.10684,0.238992
1.98568,0.264579
1.89831,0.139313
2.17566,0.248775
1.79843,0.0647354
1.91721,0.106867
2.0793,0.212596
1.81207,0.094492
2.17029,0.191524
1.94852,0.0968755
3.18841,0.57016
2.10069,0.220182
2.00697,0.15744
2.30005,0.295001
2.24872,0.287461
1.85571,0.0934153
2.1309,0.211821
1.85802,0.140361
2.25575,0.291274
2.02265,0.154345
2.10455,0.298119
2.3923,0.284174
2.1252,0.211171
1.89222,0.144654
1.87426,0.115661
1.97211,0.132799
2.15192,0.216946
2.01446,0.153316
1.9981,0.210591
2.0373,0.292743
2.3528,0.306059
2.09692,0.258829
2.10431,0.224887
2.12012,0.313362
2.05879,0.193805
2.12501,0.193177
2.13307,0.220474
1.95494,0.144147
1.92791,0.180705
2.52952,0.289671
1.86111,0.146559
2.56416,0.29552
2.22946,0.292848
1.80385,0.0833958
1.84626,0.155645
2.00077,0.275977
2.87326,0.434522
1.94488,0.160105
2.18656,0.274711
2.57443,0.296127
2.12216,0.27457
1.96233,0.126564
1.75738,0.0406783
2.47919,0.307538
1.95572,0.239515
2.17342,0.208112
1.7823,0.0380815
1.80415,0.033912
2.05422,0.203398
2.24157,0.205599
1.88227,0.0676606
2.01887,0.206006
2.11439,0.212731
2.25499,0.319596
2.0996,0.217091
2.09504,0.247532
2.09546,0.249233
1.76085,0.0203509
2.04058,0.160667
2.09658,0.217011
1.7996,0.0722695
2.39774,0.294555
1.85877,0.133646
2.21777,0.380173
2.31594,0.252098
2.07167,0.274088
1.84458,0.131713
2.18338,0.280593
1.8959,0.142867
2.03605,0.255984
2.15578,0.236062
1.83487,0.0808273
2.10507,0.311421
1.93072,0.147792
2.00616,0.134366
2.14082,0.276321
1.79135,0.0566327
1.90312,0.204674
2.1564,0.269915
1.98808,0.181205
3.03928,0.431888
2.03457,0.248963
2.18742,0.203518
1.95849,0.171338
2.24646,0.252249
1.9079,0.184956
1.82387,0.123563
2.02991,0.139799
2.16991,0.265137
2.03126,0.253041
2.0058,0.17292
1.97068,0.18732
2.35015,0.418437
2.12373,0.298653
1.85504,0.0929658
2.1923,0.239434
1.87743,0.14262
2.32582,0.395246
1.99772,0.166694
2.54971,0.385029
1.88392,0.186158
2.0852,0.23122
1.99282,0.132061
2.0855,0.175938
2.12276,0.303179
2.03005,0.127477
1.9522,0.142827
1.92153,0.0915983
1.96661,0.206413
2.27039,0.2215
2.21941,0.329144
2.08136,0.211438
1.86384,0.071684
1.91978,0.133367
2.11466,0.166445
2.48767,0.301858
1.96719,0.186014
2.13283,0.279339
2.1842,0.335018
1.83445,0.0930527
1.97569,0.26446
1.88834,0.115721
1.80712,0.0705369
1.96836,0.150186
2.45112,0.356769
1.9038,0.168074
1.98557,0.254692
2.1071,0.221494
2.07894,0.185074
2.3387,0.275325
1.86197,0.0614414
2.07181,0.231116
1.92265,0.217352
1.99379,0.223621
1.98313,0.169295
2.37449,0.252639
2.02851,0.154546
2.19606,0.252755
2.47193,0.292519
1.88566,0.147854
2.25825,0.235744
1.81908,0.0621136
2.15617,0.184696
1.8572,0.101463
1.79567,0.0723546
2.27255,0.356457
1.96801,0.169561
2.11103,0.215886
2.06295,0.223174
2.62871,0.469005
2.28525,0.277218
1.86477,0.0739745
2.16035,0.239624
1.85236,0.132686
2.19426,0.230772
2.53866,0.289093
2.05391,0.201465
2.0516,0.254513
2.30255,0.278446
2.01159,0.183588
2.25909,0.268873
2.43518,0.375155
2.03096,0.274535
2.08339,0.257929
2.2902,0.328009
2.56987,0.293716
2.3408,0.351785
2.11734,0.183681
2.27687,0.29202
1.97001,0.181312
2.5931,0.366635
1.95834,0.10765
1.78542,0.0655504
2.12231,0.299229
2.18249,0.188276
2.05588,0.269954
2.04441,0.16469
2.50793,0.4254
2.04711,0.257641
1.8922,0.0802319
2.22728,0.203599
2.0417,0.194269
1.88829,0.189792
1.92806,0.158501
1.93479,0.133024
2.03187,0.187405
2.0373,0.212648
2.4687,0.270909
2.00729,0.210479
2.17975,0.206644
2.18178,0.247731
2.39793,0.294885
1.87572,0.102175
1.95578,0.159343
2.09728,0.192623
2.20391,0.234256
1.93687,0.193804
1.93216,0.223932
2.39814,0.295649
2.41062,0.350272
2.10078,0.260166
2.31111,0.369527
2.41796,0.258255
2.19549,0.216579
2.12845,0.183506
2.29729,0.229632
2.06236,0.243088
1.98953,0.127539
2.25225,0.216926
2.29855,0.275632
1.80217,0.0415914
1.85153,0.126916
2.38414,0.409954
2.08325,0.251374
1.97309,0.11538
1.80688,0.0945241
2.12186,0.206254
2.04451,0.303729
1.95515,0.11585
2.26513,0.223112
2.07006,0.251739
1.83225,0.112694
1.99761,0.134414
2.00022,0.198222
2.13033,0.213223
2.30332,0.229985
2.16402,0.224491
1.90278,0.193348
1.95043,0.159649
2.00273,0.177173
1.86342,0.125157
1.94824,0.170652
2.47854,0.27825
2.55547,0.32256
2.17368,0.210625
1.92637,0.211578
1.85833,0.0960741
2.2495,0.263917
1.89261,0.153784
2.25779,0.268159
2.07127,0.305454
2.21918,0.193254
2.1792,0.223878
1.90027,0.107903
1.9818,0.11919
1.76516,0.02642
2.2783,0.269348
2.16641,0.303271
1.93069,0.213076
2.00457,0.202143
2.35591,0.271366
1.98737,0.261155
2.54262,0.331873
1.87238,0.101002
1.84754,0.0939199
2.31663,0.253245
2.16283,0.215792
2.40063,0.264945
2.10352,0.250224
2.29301,0.263465
2.29171,0.355467
1.82666,0.0806745
1.91853,0.164511
2.1444,0.351297
2.03004,0.29535
1.86721,0.157594
2.15919,0.322895
1.80229,0.0726913
1.82343,0.0773063
1.99012,0.212318
2.05239,0.217595
2.09277,0.279129
2.62228,0.34725
1.89253,0.107332
2.34671,0.258763
1.79242,0.0488658
1.96603,0.164635
2.33428,0.265476
1.92705,0.210512
1.93214,0.171021
2.22987,0.294514
2.17211,0.301624
1.93886,0.129392
2.01626,0.194861
2.30101,0.230467
1.92759,0.090646
2.12964,0.232856
1.96625,0.109044
1.92864,0.123113
1.98242,0.134145
2.20713,0.373503
2.08941,0.327272
1.8506,0.1431
1.98035,0.15679
2.27715,0.22444
2.60398,0.423119
1.8775,0.166196
1.88704,0.116504
2.46629,0.408182
2.06248,0.166491
2.40121,0.340348
2.41237,0.259283
2.26119,0.381491
2.18057,0.284207
2.43275,0.327015
2.26272,0.356669
2.02765,0.14142
2.15803,0.194561
1.82276,0.099006
2.16576,0.261347
2.54433,0.394755
2.44511,0.321086
1.77895,0.063674
1.91565,0.107082
2.31524,0.365071
2.17588,0.226443
1.86915,0.123224
2.40142,0.326918
1.9235,0.142808
1.80652,0.0947307
1.96171,0.163418
2.02031,0.123037
2.21935,0.272545
1.93588,0.17945
1.80188,0.0346515
2.36964,0.23847
2.40499,0.294222
2.40245,0.273649
1.88849,0.0849274
2.18515,0.231569
2.14047,0.294202
2.37835,0.250917
1.9167,0.168472
2.27136,0.281526
2.04708,0.227686
1.96,0.139052
2.07665,0.201016
1.78625,0.0356229
1.87573,0.179498
1.90132,0.182734
1.90266,0.135272
1.89539,0.10065
2.95713,0.47276
1.82209,0.121735
2.01776,0.245611
1.8323,0.123561
2.4015,0.274849
2.11131,0.191167
2.36818,0.261115
1.96009,0.241109
2.21519,0.307915
2.12435,0.235957
2.36652,0.290148
2.22413,0.254742
2.36695,0.43134
2.24004,0.221451
2.04378,0.205228
2.25371,0.285766
2.24447,0.255845
2.0604,0.231597
2.02731,0.253858
2.19504,0.330505
1.91839,0.0839237
2.10497,0.299861
2.12313,0.263686
2.38507,0.246016
2.38817,0.354901
2.03199,0.277103
2.04625,0.134181
1.90275,0.201889
2.58407,0.296843
2.06926,0.274829
1.9292,0.0950172
2.30976,0.353939
2.04294,0.249642
2.0751,0.305147
2.14663,0.247409
1.95866,0.126678
2.0175,0.20501
2.40486,0.250515
1.89751,0.0747182
2.13685,0.223699
2.23675,0.255223
2.53832,0.316648
2.15043,0.285788
2.05995,0.237968
2.02913,0.254762
2.15843,0.267164
2.18096,0.255313
2.2952,0.306491
1.97003,0.199324
2.40977,0.313118
2.19915,0.278294
2.09927,0.239957
1.91716,0.172178
2.27924,0.253251
1.82876,0.0736874
2.07062,0.253025
2.04214,0.148293
2.152,0.17354
2.09322,0.208856
2.15156,0.253744
2.34369,0.236237
2.14856,0.215934
1.94106,0.169691
2.18124,0.194103
1.83468,0.127977
2.02475,0.253415
1.97023,0.138097
2.26592,0.323966
2.09742,0.336123
1.86439,0.110422
1.98398,0.135133
2.08205,0.158998
2.51526,0.322398
2.03784,0.2155
2.54954,0.396162
2.31509,0.271912
2.04701,0.151069
1.89529,0.138134
2.3759,0.291647
2.14664,0.202052
2.30075,0.305589
2.07983,0.224911
2.63057,0.378121
2.03277,0.253225
1.79871,0.0452717
2.10924,0.161633
1.79503,0.0969921
2.07319,0.202478
2.01056,0.218321
2.50329,0.299765
2.32782,0.287789
1.87677,0.145637
1.86619,0.0764439
1.80261,0.0530036
2.03577,0.131048
2.33727,0.24455
1.97813,0.251961
1.92713,0.129895
2.35762,0.322672
2.28675,0.245323
2.08396,0.256549
1.9462,0.198569
1.89901,0.14222
1.80203,0.0326081
1.91051,0.175274
1.97563,0.164067
1.99589,0.144582
1.993,0.24409
1.94947,0.106848
2.23754,0.221937
1.78972,0.0780251
1.9657,0.126722
2.19933,0.299507
2.41812,0.283797
2.39574,0.269614
2.08738,0.186497
2.54704,0.325666
2.18102,0.192
2.05688,0.233935
2.20426,0.194212
2.43882,0.391126
2.20806,0.212057
2.32803,0.283951
1.95441,0.194007
2.14538,0.235985
1.9419,0.114135
2.49308,0.275384
2.38682,0.284865
1.98852,0.262206
1.82819,0.0995538
2.3904,0.382664
2.06077,0.284633
1.86758,0.131995
1.90771,0.103501
2.23847,0.273371
2.03339,0.174994
2.23154,0.25
2.06845,0.222104
2.07438,0.197393
1.95578,0.105639
2.43283,0.30086
2.35178,0.273118
1.84401,0.145564
1.85139,0.134155
1.89711,0.155359
1.78483,0.048367
2.29142,0.287943
2.06333,0.200083
1.84806,0.0745864
2.1465,0.284648
2.01196,0.242844
2.25818,0.217368
2.79536,0.389364
2.02236,0.186719
1.88336,0.0704956
1.87509,0.182941
2.22951,0.256503
2.02528,0.188552
2.13672,0.220202
2.19335,0.25
1.7933,0.0851073
2.79393,0.404062
1.90045,0.124149
2.32954,0.270144
2.34793,0.236865
1.95076,0.104294
1.92266,0.194264
2.06343,0.253324
2.04412,0.238762
2.32049,0.244763
1.99604,0.139475
1.80618,0.0752238
2.07359,0.192309
2.08879,0.176515
1.93533,0.132007
1.93313,0.179501
1.77213,0.027176
1.93198,0.130522
2.18638,0.18443
1.87602,0.0796401
2.15623,0.178095
1.84108,0.0967428
2.18717,0.205437
2.05166,0.222396
2.31174,0.297657
1.95917,0.16231
2.05177,0.263705
2.26234,0.20986
2.0922,0.281426
1.85075,0.136789
1.87721,0.0815911
1.94891,0.162819
2.24992,0.303112
2.12782,0.316003
2.10847,0.296273
1.96835,0.104075
2.2657,0.229454
1.88971,0.15194
1.94242,0.129343
1.98779,0.175619
2.09679,0.281248
2.1948,0.340105
2.24349,0.235014
2.39257,0.285963
2.05112,0.19188
2.23627,0.303715
2.2349,0.258427
2.29691,0.306322
1.90012,0.138182
1.78173,0.0368524
2.06249,0.208701
2.47777,0.286394
2.10737,0.286406
2.2796,0.266053
1.85107,0.0747066
2.77132,0.531099
2.22791,0.209132
2.12044,0.267811
2.05733,0.167269
1.92853,0.0937906
1.79276,0.0925335
2.07493,0.213149
1.80773,0.100367
2.00626,0.140483
2.32927,0.386039
2.06003,0.291339
2.18029,0.194955
2.16361,0.186444
2.31791,0.359592
2.10365,0.199116
1.90142,0.0774629
2.31954,0.228486
1.87351,0.0775619
2.19385,0.207855
1.77287,0.0511561
1.78307,0.0380273
1.75326,0.0180508
2.04184,0.229084
2.06168,0.199309
2.17684,0.246386
1.94977,0.159586
1.97428,0.210041
1.84797,0.133862
2.35323,0.277011
2.06911,0.14729
1.87602,0.111902
1.99839,0.182537
2.2262,0.352682
1.90696,0.197684
2.18548,0.22588
2.27786,0.212407
2.08893,0.278018
1.97089,0.115298
2.01531,0.17318
1.95494,0.186897
1.9568,0.248206
2.03974,0.201486
2.13914,0.284916
1.77825,0.038148
1.83681,0.0893369
2.17827,0.260706
1.96589,0.15639
2.29996,0.230032
2.06968,0.273185
1.91377,0.122576
1.96131,0.159428
2.05809,0.166545
2.2007,0.230322
2.21267,0.385024
1.89695,0.127374
2.03332,0.171986
2.00892,0.215948
1.80374,0.0420272
1.87913,0.0979827
2.18418,0.31749
1.84433,0.13992
1.80116,0.102191
2.01195,0.18766
2.0527,0.203402
2.31806,0.25
2.23016,0.260736
2.08153,0.192814
2.00503,0.200439
2.40812,0.331521
2.02993,0.215724
1.78174,0.0719163
2.54044,0.322624
2.40287,0.289478
2.29365,0.215816
1.89951,0.196948
2.27498,0.273299
2.01657,0.134401
2.19355,0.197928
2.47997,0.331856
1.82418,0.096551
2.0912,0.199018
2.43156,0.298618
1.7573,0.033207
2.19671,0.234231
1.969,0.213125
2.19014,0.186673
2.05637,0.314223
1.94953,0.181313
2.08328,0.264955
1.94367,0.160864
2.37873,0.273212
1.86373,0.0879275
2.16964,0.300906
2.1768,0.267697
1.86478,0.158749
1.99512,0.151501
2.25015,0.208394
2.00434,0.185689
2.29595,0.216623
2.16119,0.191946
2.00951,0.192674
2.06312,0.20629
2.06244,0.211719
1.85681,0.114437
1.86466,0.124676
2.10116,0.222684
2.1012,0.190183
1.95854,0.191388
2.24001,0.331775
2.30569,0.27857
1.98438,0.122897
1.96137,0.145607
2.0321,0.245907
2.32999,0.226667
2.20743,0.238284
2.25218,0.339787
2.20557,0.326148
2.56518,0.318496
2.15209,0.21609
1.75467,0.02994
2.18429,0.23982
2.3016,0.271965
2.35654,0.267871
1.93579,0.110179
2.09914,0.228233
2.16484,0.325412
1.91908,0.206115
2.45756,0.300174
2.26994,0.319484
2.1747,0.263949
1.85639,0.161514
2.13267,0.299233
2.09717,0.244436
2.15,0.238138
2.04903,0.182436
2.26773,0.319244
2.48352,0.33525
2.33662,0.228746
1.83303,0.0771119
2.24973,0.241676
2.34094,0.414597
2.04533,0.138048
2.04465,0.179268
2.25276,0.321718
2.20343,0.218154
2.11636,0.180229
2.22096,0.215278
2.17917,0.349754
2.5986,0.34026
2.43612,0.294615
2.09638,0.242024
1.92158,0.0896755
2.77299,0.461962
2.10765,0.18398
2.14663,0.212072
2.17754,0.267676
2.23283,0.387822
2.20516,0.20789
1.90131,0.145982
1.94787,0.100962
2.42156,0.285602
1.91477,0.139311
2.30748,0.270464
1.92322,0.218348
1.93341,0.095617
2.45939,0.287762
1.86053,0.132877
2.16068,0.218749
2.14822,0.312866
2.03404,0.152217
1.92238,0.125478
2.09129,0.177569
1.99114,0.202014
1.75574,0.0368417
1.90285,0.20125
2.30698,0.229857
2.27561,0.282362
1.92301,0.107331
2.20647,0.207373
1.92189,0.158365
2.22441,0.198023
2.3565,0.237712
1.93167,0.214098
2.37456,0.25509
2.2228,0.245879
1.86719,0.0851516
1.79607,0.0888167
1.97506,0.169872
1.87023,0.162785
2.47672,0.338261
2.02102,0.159073
2.01719,0.159331
1.85227,0.104515
2.09954,0.311323
1.90652,0.18686
2.26211,0.330321
2.03412,0.196817
2.13344,0.181395
2.06135,0.24961
2.03579,0.292766
1.97899,0.140569
2.18728,0.226495
2.23548,0.247454
2.18688,0.241317
2.53822,0.284027
2.12795,0.333902
1.87616,0.162916
2.20136,0.207743
1.79974,0.0698559
1.96399,0.192553
1.86165,0.0876046
2.03504,0.154171
1.87557,0.128093
1.94379,0.209472
2.09543,0.223305
2.18774,0.297331
2.32427,0.252271
2.41673,0.294873
1.8861,0.121585
1.93799,0.126218
1.79621,0.041484
2.25686,0.328323
2.34624,0.25
2.41706,0.329708
2.22966,0.263279
1.99803,0.264183
1.85512,0.0576323
2.61209,0.352367
1.98765,0.155239
1.91782,0.212252
1.96185,0.194492
2.19669,0.211396
2.06661,0.238184
2.0687,0.224911
2.21101,0.246002
2.2127,0.247514
1.85329,0.151433
2.03427,0.152281
2.03443,0.16131
1.80922,0.0383428
2.27855,0.252129
2.28282,0.270552
2.28816,0.246056
2.3248,0.252948
2.16443,0.20493
1.96291,0.149091
1.87092,0.143629
2.35236,0.244715
1.91389,0.103282
2.26917,0.253905
1.82794,0.112702
2.10395,0.162657
2.3427,0.296361
2.13337,0.261303
2.10984,0.222199
2.0172,0.144839
1.92285,0.197472
2.19737,0.247315
2.06612,0.180497
2.0767,0.183857
2.08625,0.246024
1.8788,0.0660093
2.02362,0.208396
1.93855,0.122764
1.97839,0.185987
1.77262,0.0258138
2.05286,0.151275
1.98706,0.20156
2.13619,0.278257
2.00024,0.202417
2.84307,0.424127
2.12328,0.323082
2.06687,0.233556
1.92937,0.106135
2.12155,0.174551
2.25588,0.203553
2.45726,0.388165
2.00432,0.17398
2.07598,0.213963
1.81829,0.10409
2.41507,0.294802
2.37605,0.249572
2.31575,0.25527
1.94306,0.234914
2.08309,0.207649
1.92149,0.174386
2.19298,0.191383
2.42938,0.358905
2.10514,0.174982
2.35468,0.405537
2.24769,0.253156
2.15011,0.296584
2.14015,0.171203
2.41039,0.264379
2.11486,0.252867
1.88063,0.0812462
1.91215,0.184925
2.55199,0.316094
2.04045,0.219975
2.07635,0.165265
1.9097,0.085071
1.98083,0.159182
2.29726,0.240529
2.12367,0.282438
2.23861,0.223078
2.1392,0.225665
2.18278,0.210774
1.85077,0.124399
2.1705,0.373603
1.93317,0.0983142
2.11191,0.160599
1.96353,0.132387
2.24953,0.32138
2.11873,0.325587
2.02051,0.151482
2.03707,0.199285
2.05588,0.208089
2.40271,0.369514
1.8365,0.130324
2.30782,0.234583
2.11836,0.203884
1.92808,0.155887
2.2154,0.204827
2.08594,0.150379
1.94553,0.181181
2.33804,0.337534
2.39184,0.24476
2.40502,0.282207
2.16653,0.253891
1.86446,0.147233
2.04695,0.140939
2.15264,0.240296
2.03279,0.1734
2.14088,0.30046
2.2135,0.278273
1.83202,0.122807
2.13418,0.204907
2.2639,0.251304
2.21344,0.213275
2.20824,0.240827
2.09865,0.204442
1.91877,0.1996
2.29944,0.239597
2.11661,0.335491
2.52925,0.364902
2.12834,0.224073
1.92277,0.109528
1.93205,0.163216
1.99584,0.276448
1.78139,0.0777887
2.10735,0.23858
2.22481,0.357761
2.27275,0.223338
2.221,0.272965
1.89832,0.193209
2.22134,0.339198
2.07028,0.164208
1.91057,0.0873787
2.08431,0.217698
2.18074,0.199393
2.42597,0.296177
2.04928,0.195411
2.3296,0.318644
2.18258,0.24989
2.31453,0.229445
2.4705,0.329899
1.88046,0.167161
1.9084,0.122497
1.96268,0.163696
2.19642,0.21586
2.24047,0.380791
2.16565,0.183425
1.81454,0.112324
2.51946,0.320774
2.63665,0.423122
2.07253,0.297509
2.07384,0.231328
2.22977,0.276989
2.16326,0.232244
2.13839,0.251128
2.35644,0.276538
2.55895,0.338261
2.0305,0.194289
2.26398,0.227569
1.85378,0.0657125
1.93381,0.178479
1.85137,0.15708
2.14106,0.327099
2.15296,0.195689
2.23789,0.364367
2.48249,0.289092
2.13972,0.214963
2.2414,0.207228
2.37252,0.280451
2.2405,0.217774
2.18132,0.282709
1.98183,0.191207
1.90969,0.175804
2.00924,0.206236
2.16507,0.192629
1.74822,0.0116236
2.36015,0.241428
2.09425,0.149712
1.90358,0.187905
2.46026,0.297945
1.94489,0.16849
2.34659,0.250647
2.2018,0.268514
2.02106,0.205671
2.91529,0.427511
1.90059,0.0886951
2.28153,0.222969
2.14796,0.240686
2.40459,0.286143
1.92845,0.0939764
2.19567,0.367323
2.11538,0.25094
2.25808,0.213413
1.86266,0.0937826
2.31188,0.24522
2.15103,0.285837
2.03873,0.253128
2.4926,0.343169
1.89913,0.161451
1.95507,0.150649
2.00916,0.190062
2.26441,0.268302
1.97783,0.239519
2.28472,0.295116
2.25596,0.291122
2.35615,0.276512
1.9353,0.177113
2.0232,0.245435
2.05734,0.225801
2.32283,0.226189
2.01103,0.133415
1.95883,0.161526
1.92246,0.159841
2.07272,0.255364
2.09909,0.256478
2.31927,0.321802
2.1881,0.215283
1.91526,0.128613
1.99104,0.248556
2.17081,0.256378
2.05406,0.154275
2.08818,0.28602
1.96003,0.236891
2.09588,0.309216
2.21971,0.225882
2.23909,0.336248
2.37904,0.249307
2.56951,0.419296
2.07698,0.29803
2.13043,0.180113
1.95664,0.194088
2.13168,0.283275
2.08712,0.283676
1.94565,0.127151
1.95813,0.230133
2.27444,0.264829
2.51332,0.283728
2.10687,0.213676
2.17709,0.20989
2.84972,0.472442
1.98006,0.222032
2.16724,0.178404
1.92598,0.203402
2.30567,0.269408
1.90469,0.209262
1.79344,0.0302497
1.77768,0.0340818
2.22085,0.205305
2.00169,0.229896
2.04706,0.206698
2.0807,0.169735
2.12998,0.206121
1.85746,0.0808452
2.25781,0.220481
2.13788,0.211763
2.02507,0.175881
2.43533,0.386571
1.99635,0.163816
1.98925,0.248329
1.94119,0.174423
2.2004,0.241465
2.55493,0.287489
2.2722,0.216443
2.28905,0.258992
2.32442,0.267225
2.29078,0.258586
1.96225,0.131314
2.80491,0.421392
2.08464,0.22632
2.05272,0.213367
1.77575,0.0636562
2.12503,0.188687
2.20438,0.244646
1.97583,0.169993
2.1463,0.196337
2.00858,0.156346
2.34253,0.39028
1.81361,0.0833861
1.92394,0.104873
2.30496,0.276165
1.91589,0.13123
2.31737,0.282599
1.9319,0.190787
2.24171,0.204701
2.19482,0.193612
1.81668,0.093276
2.4902,0.288938
2.1347,0.210523
2.20857,0.264366
1.83245,0.0731759
1.97672,0.129024
2.0578,0.208254
1.83707,0.101953
1.87815,0.140882
2.11773,0.206861
1.88589,0.185058
1.87442,0.154311
2.13106,0.220463
2.12502,0.181394
2.30539,0.258171
2.30905,0.269803
2.22445,0.255754
1.97945,0.246203
1.84062,0.145069
2.28658,0.266359
1.88552,0.178153
2.18022,0.293998
2.03517,0.150328
2.47578,0.27919
1.99067,0.236617
2.31748,0.240973
2.04956,0.241638
1.88368,0.0895268
1.86708,0.100947
2.23172,0.213815
1.84058,0.138737
1.82423,0.0657252
1.91561,0.181328
1.85818,0.15897
1.84232,0.143262
1.98589,0.111666
2.36081,0.30262
2.33882,0.290089
2.25224,0.290016
2.15255,0.277575
1.97168,0.222206
2.49738,0.320085
2.18041,0.28989
2.32089,0.262634
2.08606,0.23675
1.99052,0.238567
2.33793,0.298254
2.11916,0.240653
1.83282,0.0553274
1.80257,0.0689043
2.32748,0.291869
2.02359,0.271949
2.27131,0.298565
1.99946,0.135174
2.25396,0.251871
1.91442,0.129281
2.10678,0.224685
1.81348,0.0725124
2.03659,0.227431
1.8491,0.116673
2.21804,0.268261
1.92412,0.201146
2.31471,0.346542
2.53332,0.305183
1.95784,0.216152
2.12366,0.247282
1.83302,0.111467
2.06465,0.200056
2.17238,0.233008
2.06407,0.172045
1.98316,0.209682
2.33444,0.299249
1.8905,0.119404
1.94342,0.17782
2.37104,0.38369
2.34409,0.370432
1.88315,0.183056
2.10525,0.277076
2.20353,0.253697
1.78504,0.0690546
1.95169,0.221082
2.35647,0.263515
1.837,0.0555378
2.08048,0.18679
1.9106,0.114932
2.24634,0.235437
2.07228,0.214205
2.02195,0.172961
1.82039,0.066178
2.41421,0.25
2.41421,0.25
2.27808,0.339573
2.16359,0.298511
2.32221,0.338157
2.1765,0.242985
1.98927,0.217393
1.91841,0.169147
2.18719,0.265422
2.01405,0.271471
1.92083,0.101235
1.79569,0.0885053
1.91683,0.143875
1.91001,0.151371
2.04819,0.176144
1.93613,0.141871
1.95649,0.106807
2.31597,0.282028
2.41421,0.25
2.13709,0.287559
2.22183,0.25134
1.81546,0.103833
2.40109,0.250184
2.25429,0.367182
1.85082,0.148513
2.33515,0.266412
2.05296,0.140692
2.41421,0.25
2.03522,0.285964
2.2214,0.300889
2.09417,0.223859
1.73427,0.00402371
2.32414,0.247548
1.77984,0.028095
1.88856,0.10842
2.44095,0.3077
1.78352,0.0513611
2.11967,0.208889
1.91042,0.164388
2.31755,0.296993
2.00482,0.131782
2.19655,0.269242
2.00789,0.13423
1.79672,0.0607945
2.00086,0.261959
2.07193,0.198362
2.38652,0.359955
2.14299,0.337503
1.85793,0.152518
1.8986,0.103878
2.2265,0.230023
1.93765,0.093679
2.08774,0.148127
1.85858,0.153063
1.86555,0.0672445
1.88734,0.159522
2.32281,0.34316
2.19784,0.30607
1.89109,0.156692
1.93515,0.191993
1.94922,0.183665
2.40078,0.298103
2.474,0.301932
2.25777,0.227409
2.02595,0.152671
1.89971,0.100388
1.85452,0.120041
2.0625,0.269898
1.98633,0.1954
2.06905,0.319982
2.05592,0.14345
1.93359,0.193066
2.12948,0.212797
2.0875,0.253884
2.45521,0.268152
1.95344,0.157684
2.15588,0.283434
2.06972,0.225037
1.85358,0.114322
1.86089,0.150164
1.991,0.111145
2.29513,0.286977
1.90789,0.184887
2.18013,0.218086
2.16528,0.3257
2.05957,0.157279
1.85348,0.0617611
1.84851,0.0717447
1.86353,0.143109
1.90708,0.149937
2.69654,0.392108
1.86153,0.128657
2.03525,0.150979
2.07731,0.226473
2.23166,0.279034
1.88346,0.0887817
2.08252,0.240802
2.17492,0.267559
1.9813,0.261488
1.94866,0.17573
1.89715,0.15217
1.89705,0.162305
1.96679,0.112488
2.27982,0.293313
2.10039,0.319258
2.00631,0.152825
1.8183,0.0641915
1.93937,0.173722
2.07902,0.213677
1.8981,0.114551
2.12069,0.159808
2.42816,0.258047
2.14695,0.207184
1.79865,0.050937
1.99602,0.205657
1.96132,0.146926
1.83773,0.133649
1.98558,0.246461
1.88149,0.114586
2.11011,0.215523
1.94838,0.219847
1.99349,0.271744
1.78857,0.0692223
2.01631,0.277095
1.86831,0.104064
1.86212,0.163873
2.17484,0.228764
1.9222,0.152935
2.13001,0.168848
1.89116,0.0720145
2.60992,0.377958
2.1702,0.226777
1.82047,0.0869747
2.35689,0.351046
2.08544,0.293693
2.46678,0.304938
2.47465,0.266549
2.56862,0.361875
2.16262,0.223353
2.07811,0.153515
2.07646,0.220345
2.37932,0.280363
2.08537,0.236099
1.96078,0.144778
2.30941,0.304224
2.12745,0.295564
2.41539,0.319684
2.07396,0.242211
1.9053,0.138268
2.42771,0.268723
2.25206,0.234625
1.85918,0.165261
1.82874,0.0618884
2.0884,0.209356
2.23684,0.221081
1.78216,0.055969
1.83108,0.0845755
2.04496,0.275798
1.79755,0.035772
2.06649,0.175762
2.10582,0.159774
2.10428,0.17849
2.39343,0.264096
2.0896,0.203074
2.05586,0.181746
2.20429,0.234637
2.05097,0.170582
1.93126,0.225176
2.03128,0.193913
2.01513,0.157492
2.10851,0.233076
2.11199,0.248503
2.13803,0.29603
1.88958,0.0847076
2.16909,0.268906
2.47313,0.299336
2.00687,0.123453
1.97927,0.134988
2.23761,0.281789
1.80394,0.0845253
1.98239,0.214034
2.11565,0.233632
2.34153,0.32079
1.99142,0.125372
2.92017,0.431995
1.93286,0.0886377
2.50072,0.355931
1.83876,0.121757
1.93882,0.148684
1.82327,0.0544427
1.88333,0.0709285
2.18991,0.188247
2.00111,0.178751
2.01276,0.188924
1.89654,0.0926973
2.18256,0.33088
2.02028,0.163669
2.08485,0.1502
2.05246,0.240685
2.39037,0.276651
2.11114,0.179955
2.30546,0.257719
2.56806,0.339704
1.96798,0.105241
2.11166,0.194983
2.10816,0.231644
2.26631,0.224339
1.8634,0.0782237
2.041,0.191086
2.08038,0.204896
1.9161,0.0900624
1.80629,0.0895654
2.20666,0.220495
2.26122,0.411148
1.86493,0.13241
2.13548,0.288891
2.13154,0.214082
1.93652,0.0989255
1.95096,0.136196
1.7484,0.0260382
2.01393,0.160831
1.81362,0.0852369
2.14079,0.170121
2.31608,0.307521
2.12857,0.166685
2.1131,0.235154
1.9452,0.17301
2.02667,0.145529
1.93379,0.165573
2.00124,0.125331
2.35324,0.327746
1.80365,0.104615
1.95563,0.199792
2.14762,0.256435
2.05822,0.220172
1.95754,0.225544
2.13035,0.302947
1.90417,0.180554
2.58437,0.324196
1.87342,0.148963
2.08059,0.26593
1.87341,0.165772
2.07704,0.295301
2.54069,0.364055
2.06583,0.237194
1.88269,0.0929428
2.05828,0.148197
1.83325,0.0785331
2.1151,0.297781
1.89256,0.186247
2.1803,0.178818
2.1896,0.196171
2.08602,0.188761
1.95815,0.106993
1.91986,0.187994
1.9734,0.183045
1.87756,0.0787789
1.98262,0.186077
1.82977,0.109943
2.05469,0.24581
1.89873,0.193567
1.85391,0.0756878
2.11543,0.176207
1.75414,0.0177499
1.85107,0.0795852
2.1357,0.253353
2.3718,0.29321
2.05004,0.140748
1.90023,0.136014
1.76748,0.0411313
1.99658,0.189759
2.07585,0.160686
1.87647,0.162038
2.18122,0.320806
2.14568,0.181983
2.07241,0.286206
2.17413,0.265532
1.97177,0.141562
2.06799,0.142424
1.90349,0.0791494
2.00708,0.278738
2.01868,0.249045
2.00417,0.208653
1.79482,0.0642136
2.0432,0.287294
1.87712,0.151641
2.05353,0.250457
1.86804,0.0719366
2.03178,0.188209
2.23664,0.259228
1.88507,0.141509
1.76981,0.0347814
1.9823,0.11016
2.30441,0.325001
1.76861,0.0415362
2.09457,0.241106
1.88049,0.169284
1.89528,0.191081
1.79398,0.0813488
2.56501,0.354991
1.81553,0.120708
2.41309,0.319189
2.02305,0.206209
2.16703,0.174318
1.86553,0.0839922
2.0429,0.135
2.37898,0.270979
2.06213,0.139798
1.98236,0.210697
1.97878,0.111674
2.06199,0.214449
1.96643,0.145317
1.83053,0.123796
2.45167,0.29407
2.09495,0.223691
2.03892,0.264078
2.15605,0.311664
1.89855,0.0808937
2.08656,0.21893
1.73803,0.00771232
1.81786,0.0470206
2.08137,0.226398
2.08421,0.202583
2.08318,0.262269
2.00764,0.138517
1.91737,0.214262
1.81859,0.0657931
2.06471,0.286912
1.89873,0.0754022
2.14339,0.321791
1.89652,0.0816053
1.83009,0.0522689
1.92758,0.131982
1.76886,0.0333294
2.00993,0.16044
2.09045,0.252136
1.9864,0.269023
1.78375,0.048236
2.0815,0.256422
2.07669,0.24116
1.99945,0.275583
2.11576,0.166567
1.98229,0.127622
1.77826,0.0246016
2.03723,0.164101
1.92243,0.109314
2.16646,0.202057
2.05138,0.137216
1.83792,0.122752
1.90987,0.0957217
1.83589,0.0975584
1.95999,0.19215
1.9361,0.195795
1.90273,0.123137
1.79639,0.0833252
1.78811,0.0333018
1.88345,0.162428
2.08301,0.147613
1.87035,0.120199
1.80242,0.101727
1.93058,0.165675
2.04787,0.189304
1.96557,0.253149
2.02707,0.138316
2.26013,0.366128
2.08921,0.332068
2.04237,0.233928
2.08393,0.26754
2.00726,0.155055
2.04521,0.200559
2.42167,0.286163
1.89374,0.0812439
1.83686,0.0825122
2.01431,0.206368
1.98321,0.133218
2.11714,0.28453
1.92792,0.190542
1.94423,0.117797
1.84625,0.116131
2.31255,0.263509
1.98849,0.11968
1.7741,0.0442935
1.95604,0.233477
2.04254,0.204118
1.90648,0.111239
2.07342,0.278234
1.85556,0.10529
1.81204,0.110375
1.86712,0.102223
1.88315,0.134714
2.21403,0.231147
1.9403,0.17233
1.83821,0.0607605
1.85805,0.142828
1.90237,0.144532
1.86293,0.146886
1.97695,0.148919
1.90924,0.083393
2.10392,0.220644
2.036,0.130842
1.77459,0.0327209
1.9071,0.153195
2.04695,0.286143
1.79087,0.0896007
1.87991,0.101598
1.9966,0.214067
2.19401,0.251786
1.95354,0.17315
1.9712,0.129213
1.79146,0.0786135
2.42139,0.297204
1.7925,0.0760972
2.00189,0.276393
1.76882,0.0505824
1.88944,0.151933
1.98803,0.111611
1.86872,0.0747604
1.91706,0.187526
1.85399,0.149571
2.09439,0.332649
1.9055,0.138119
1.98832,0.126989
1.80227,0.0919681
1.90373,0.160399
1.74574,0.00819482
2.07319,0.240665
1.90742,0.181961
2.04194,0.194095
1.81904,0.107719
2.00339,0.14879
2.02781,0.235296
2.0351,0.133428
2.41937,0.25144
2.15103,0.218826
2.46384,0.295547
1.90165,0.112471
2.34917,0.295745
1.79669,0.0962618
1.9101,0.205292
2.04223,0.136138
1.8925,0.105201
1.82665,0.11522
1.92316,0.125355
1.90406,0.147446
1.77797,0.0652231
2.0036,0.235129
2.41627,0.250574
1.81294,0.0880411
1.80733,0.0845231
2.16505,0.20071
2.0946,0.149523
1.84392,0.0867748
2.41385,0.249898
2.2118,0.232198
2.41415,0.249983
2.19606,0.183942
2.41416,0.249985
1.81622,0.0723113
2.29888,0.238347
1.77169,0.0645519
2.4378,0.301323
2.41417,0.249987
2.52105,0.363134
2.42652,0.287414
1.82049,0.0593737
1.88906,0.140549
1.95771,0.147219
2.10016,0.211236
2.41619,0.250551
2.41282,0.284097
2.14068,0.217578
1.94771,0.153544
2.2287,0.309964
2.40334,0.337014
1.81321,0.114213
2.17055,0.225331
2.04086,0.165336
2.2974,0.262339
2.40791,0.342401
2.12113,0.232181
2.41416,0.249984
2.1164,0.200281
2.55603,0.35771
2.41463,0.283865
2.42427,0.285763
2.03111,0.162066
2.10802,0.176623
2.22813,0.194318
1.85822,0.143513
2.12445,0.254213
2.26066,0.278914
2.41635,0.250596
2.19167,0.192498
2.18923,0.213938
1.74167,0.0160045
2.52746,0.368566
2.02464,0.171079
2.19396,0.310126
1.97312,0.123904
1.84884,0.0947301
2.12512,0.204122
2.34617,0.309212
2.44702,0.396196
2.02975,0.292268
2.4279,0.28647
1.95714,0.128014
2.00268,0.195541
2.42787,0.287293
2.5011,0.288732
2.41415,0.249983
2.41404,0.249951
2.42078,0.251831
2.41778,0.250997
2.10104,0.158698
2.15854,0.205069
2.06198,0.152921
2.24337,0.242769
1.88845,0.0773835
2.36693,0.2844
2.56224,0.358364
2.46865,0.267879
1.80016,0.0867626
1.98057,0.141673
1.8008,0.0437602
2.43358,0.259179
1.87359,0.143065
2.18062,0.216613
2.41757,0.284253
2.10111,0.196391
2.12036,0.232728
2.18144,0.211048
2.29017,0.213723
2.2444,0.199493
2.40564,0.316981
2.54042,0.370332
2.14341,0.166385
2.34621,0.248332
2.41624,0.283869
2.29807,0.21613
2.43291,0.288135
1.90986,0.108112
2.07148,0.318432
1.79937,0.0408289
2.30672,0.21875
2.37411,0.238623
2.32198,0.243811
2.36442,0.238949
2.41413,0.249978
1.89441,0.161114
1.83188,0.0622026
2.01998,0.138065
2.34012,0.306939
2.00191,0.225019
2.5295,0.294638
2.36235,0.235222
2.38172,0.247786
2.30568,0.25255
1.79408,0.0901639
2.42071,0.251814
1.90234,0.184822
2.16383,0.196936
2.11682,0.215836
2.34373,0.247048
2.42565,0.286307
2.42595,0.286423
1.91393,0.0898921
2.28573,0.229949
2.30343,0.23677
1.95247,0.234322
2.42643,0.287475
2.37869,0.277495
2.30532,0.233211
2.3111,0.296542
2.41408,0.249963
1.83574,0.0630576
1.92297,0.0947889
2.27971,0.258646
2.1242,0.229917
2.15985,0.190384
2.41156,0.282605
2.04843,0.166521
1.97026,0.12688
1.93177,0.10954
1.92714,0.189737
1.93536,0.210476
2.4135,0.282813
1.94653,0.236443
2.45209,0.312369
2.59166,0.305934
2.03362,0.177932
2.11997,0.158356
2.30871,0.219881
2.09431,0.181175
2.42877,0.286924
1.96237,0.192161
2.71265,0.414289
2.3156,0.23689
2.15346,0.282444
2.39978,0.339511
2.05155,0.152284
2.42825,0.28664
2.29964,0.273616
1.97663,0.149047
2.41406,0.249957
2.42513,0.273774
1.81458,0.0812394
1.8045,0.0639447
1.98334,0.22657
1.94259,0.129987
2.19129,0.217614
2.2681,0.262668
2.29404,0.38851
1.78678,0.0332799
1.95669,0.145059
2.06951,0.282639
1.79194,0.0789866
1.87872,0.150632
2.35295,0.274158
2.28107,0.323521
2.03681,0.170492
2.3987,0.264743
2.45572,0.29821
2.22305,0.249711
2.48778,0.336299
2.03097,0.187912
1.91883,0.205339
2.05114,0.184713
2.30002,0.265949
2.41616,0.250543
1.91827,0.133156
2.4141,0.249969
2.16294,0.182757
2.08314,0.271461
2.33439,0.249943
2.20786,0.231787
2.26545,0.242802
1.96073,0.232381
2.046,0.200023
2.22718,0.307856
2.05432,0.219551
2.16914,0.212088
1.91678,0.0980982
2.39854,0.302061
2.26539,0.213567
2.4141,0.249967
2.10693,0.299142
2.42855,0.286638
2.25121,0.207537
1.85903,0.0735217
1.84686,0.146526
1.94629,0.132227
2.14873,0.306541
2.10373,0.244459
1.75065,0.0264493
2.47787,0.387926
1.98553,0.169072
2.04718,0.143143
2.52962,0.380291
1.87425,0.135032
2.00473,0.117855
2.51374,0.385003
2.04464,0.306154
2.09723,0.228585
1.90096,0.169354
2.14716,0.21907
1.88415,0.113629
2.24815,0.257859
2.0314,0.200311
1.94143,0.21781
2.02919,0.250056
1.78064,0.0683329
1.89506,0.15539
1.90303,0.159631
1.77486,0.0569288
1.98992,0.243129
1.75948,0.0398017
1.97271,0.108264
2.68949,0.324024
2.04072,0.181258
1.97395,0.172164
1.7595,0.045621
1.82666,0.113306
2.41121,0.282037
2.09947,0.216577
1.9152,0.127571
1.80234,0.099002
2.16145,0.173529
2.18646,0.185965
2.074,0.166474
1.9222,0.126143
2.17833,0.202788
1.83994,0.133764
1.76462,0.020525
2.16194,0.275057
2.178,0.240759
1.87688,0.156071
1.79828,0.0472543
1.89905,0.0900274
1.92425,0.215038
1.92101,0.114368
1.9869,0.206744
1.86254,0.112351
2.14768,0.221274
2.08298,0.17001
1.80949,0.0463921
1.89876,0.143113
1.86331,0.0632802
2.12791,0.221914
2.34029,0.250869
2.01816,0.171761
1.84089,0.0932824
2.03224,0.285773
2.40408,0.247208
1.77843,0.068509
2.05763,0.180423
1.81813,0.0690732
2.33381,0.238524
1.95193,0.237967
1.91756,0.141358
2.15379,0.196107
1.76825,0.0289317
2.37933,0.247173
2.61931,0.360466
2.22941,0.249636
1.99586,0.2589
1.93618,0.170949
2.18613,0.18068
2.18243,0.357599
2.25584,0.229677
2.21265,0.207141
2.27512,0.278355
1.99544,0.154695
2.26408,0.287367
2.31704,0.264227
2.3776,0.252016
1.85827,0.164505
1.98289,0.21281
2.42824,0.286676
1.98455,0.171275
1.80192,0.0959122
2.13022,0.246474
1.87167,0.180655
2.45747,0.412791
2.02102,0.219343
2.13782,0.23503
1.79994,0.0657148
1.77327,0.0260683
2.02407,0.254854
2.43196,0.30747
2.20988,0.296496
2.01097,0.207235
2.15752,0.224341
1.80819,0.0771852
2.11165,0.217713
2.09329,0.247089
1.89074,0.111646
2.4149,0.302405
1.93472,0.189886
2.18716,0.241378
2.02373,0.15882
2.02295,0.279244
2.00565,0.253217
2.18143,0.200743
1.89843,0.203707
1.90011,0.0933769
2.14967,0.193638
1.89912,0.122961
2.00133,0.268719
2.27802,0.298476
2.22198,0.300587
1.81241,0.0733808
1.85155,0.0624573
1.83956,0.148376
2.13957,0.197158
2.10815,0.188519
2.0336,0.161149
2.08131,0.269711
2.02991,0.295973
2.11032,0.322393
1.98664,0.20642
1.95799,0.248878
2.20184,0.304104
1.88803,0.096172
2.13106,0.19347
2.10368,0.211093
1.95438,0.247101
2.40182,0.369883
2.02021,0.250535
1.95892,0.155355
2.03876,0.147325
1.9918,0.146636
2.27042,0.274127
1.95264,0.104585
1.75779,0.0414389
1.96967,0.18014
1.84196,0.0835152
2.24671,0.313071
1.91273,0.209537
2.24087,0.342402
2.80423,0.482231
2.10482,0.270269
2.19521,0.232002
1.81618,0.0426692
1.86842,0.0653194
2.28395,0.222239
2.1709,0.216521
2.41184,0.250596
2.09718,0.285075
1.78798,0.0463558
1.9557,0.117025
2.23022,0.240757
1.88433,0.0982275
2.35926,0.248321
2.95921,0.447229
2.28747,0.216767
1.99819,0.265533
1.78231,0.0695811
2.22599,0.218284
1.8314,0.0891958
1.85902,0.14043
2.57177,0.344333
2.42455,0.312808
1.89067,0.117935
2.01203,0.145747
1.96955,0.111718
1.83884,0.11213
2.41173,0.249984
2.14306,0.276054
2.1264,0.276973
2.50319,0.302221
2.70195,0.386211
2.11233,0.19156
2.07872,0.146614
2.46383,0.287493
2.07395,0.186361
1.80542,0.0459236
2.41199,0.250543
2.29353,0.215931
2.03872,0.19225
2.28597,0.218091
2.28956,0.242001
2.03755,0.192903
2.30179,0.218551
2.30688,0.244683
1.93494,0.115624
2.33642,0.238986
2.36796,0.238565
2.17104,0.178754
2.16397,0.25887
2.49306,0.327173
2.62347,0.380476
1.91092,0.162321
2.08424,0.195302
1.998,0.185606
2.04047,0.186258
2.04487,0.135036
2.13803,0.234503
2.18299,0.201457
1.86712,0.169494
1.99041,0.118357
2.16834,0.231798
2.03307,0.150146
1.83253,0.102001
1.92454,0.103278
1.80578,0.0416083
2.47271,0.328535
1.87899,0.143124
1.80142,0.0671436
2.26172,0.24102
2.17585,0.215019
2.15477,0.2165
1.78048,0.0446727
2.21197,0.21425
2.45758,0.431462
1.79257,0.0542538
1.81647,0.0723422
1.89243,0.187003
2.4446,0.290244
1.88023,0.173114
2.27243,0.284708
2.02677,0.256116
1.93429,0.156815
1.80826,0.104837
1.9242,0.208782
1.90644,0.0858647
1.97651,0.141352
2.17554,0.284043
1.77408,0.0590581
1.89665,0.135525
1.89545,0.154277
1.7886,0.0679327
2.12653,0.289276
1.94553,0.230981
1.94431,0.179622
2.01711,0.139428
1.8672,0.17088
1.97209,0.251402
1.97779,0.227479
2.06052,0.173428
2.21209,0.339645
1.88951,0.122163
1.95533,0.170038
1.88016,0.182354
2.37839,0.309034
1.99086,0.126331
1.89485,0.144523
1.90259,0.126895
2.163,0.223671
2.09037,0.237945
2.31768,0.313941
1.83337,0.103105
2.65568,0.416158
1.95134,0.23976
1.86229,0.0618474
1.81291,0.0704784
1.84029,0.110428
2.10664,0.251075
2.24668,0.218841
2.06886,0.29832
2.0492,0.241177
1.91108,0.139557
2.24616,0.240469
1.97275,0.151353
1.8981,0.13805
1.95218,0.10686
2.01188,0.217311
2.12794,0.251939
2.34667,0.30699
1.82997,0.138147
2.20943,0.233535
1.94802,0.155141
2.55792,0.293587
1.8227,0.0515493
1.86225,0.0672168
2.00385,0.123161
2.35675,0.251175
2.31339,0.274167
2.0586,0.200457
1.93498,0.185244
2.04788,0.182365
2.01742,0.230981
1.95553,0.212363
1.91326,0.194919
1.95862,0.195121
1.84106,0.104305
1.96893,0.215009
1.94992,0.135321
2.00354,0.221608
2.03636,0.170037
2.10241,0.21199
1.83737,0.130666
2.26555,0.211682
1.92465,0.193835
2.1725,0.292619
1.81002,0.108007
2.1305,0.340786
2.15113,0.256943
2.28661,0.22443
2.37863,0.263083
2.23589,0.308097
1.8981,0.146826
1.83215,0.124493
1.9178,0.156511
1.94385,0.173601
2.30832,0.308983
2.13292,0.295928
1.93562,0.193679
2.03291,0.131268
2.22253,0.293897
2.08766,0.161919
1.8957,0.126148
1.96503,0.240737
2.22946,0.233677
2.18479,0.237198
2.3886,0.341378
1.94298,0.210007
2.1906,0.186721
1.94572,0.133598
2.04982,0.143423
2.21521,0.282011
2.0048,0.181264
2.20974,0.24065
1.92512,0.22291
1.99216,0.23882
2.05628,0.306358
2.20596,0.302484
2.19812,0.261298
2.09974,0.189344
1.89448,0.0749719
2.30851,0.222562
2.17568,0.369339
2.51431,0.322967
2.09662,0.157797
1.78519,0.0354729
2.01335,0.123719
2.09103,0.257329
2.22565,0.319285
1.9216,0.0946442
1.8962,0.134715
2.3152,0.309787
1.90574,0.151871
2.56576,0.352583
1.81733,0.0915772
1.97377,0.171066
1.80263,0.0476413
1.87971,0.144172
2.24658,0.293566
2.4877,0.34038
1.92997,0.191938
2.10393,0.212835
2.03927,0.263896
2.76779,0.374756
2.31984,0.331177
2.07752,0.154953
2.02595,0.1392
2.30878,0.223561
2.06401,0.175431
1.99306,0.201069
1.98208,0.176241
2.13219,0.30304
2.04117,0.141665
2.06187,0.217685
2.42731,0.416567
2.04464,0.180521
2.25697,0.351625
1.95784,0.156866
2.01279,0.129828
2.27602,0.225556
2.42273,0.413887
2.00608,0.169381
2.10362,0.214935
1.93888,0.147372
1.8536,0.157534
2.03844,0.227227
